Timestamp,Action,Parameters,Model Weights,Buy Price,Current Price,Profit Margin,In Position,Buy Probability
2024-12-06 13:45:27,HOLD,"(0.02, 31)",[[-0.23915171 -0.24482774  0.14638438 -0.08850183 -1.4547422   1.73876327   -0.83470427 -0.19010742 -0.07674313  0.58806331  0.69553097 -0.57449161   -0.50319942  0.19335088  0.         -0.17021401]],0.01,4053.555,0.02,False,0.08202222994083011
2024-12-06 13:46:10,HOLD,"(0.02, 31)",[[-0.23915171 -0.24482774  0.14638438 -0.08850183 -1.4547422   1.73876327   -0.83470427 -0.19010742 -0.07674313  0.58806331  0.69553097 -0.57449161   -0.50319942  0.19335088  0.         -0.17021401]],0.01,4053.555,0.02,False,0.08202222994083011
2024-12-06 13:46:51,HOLD,"(0.02, 31)",[[-0.23915171 -0.24482774  0.14638438 -0.08850183 -1.4547422   1.73876327   -0.83470427 -0.19010742 -0.07674313  0.58806331  0.69553097 -0.57449161   -0.50319942  0.19335088  0.         -0.17021401]],0.01,4054.26,0.02,False,0.0817235899024153
2024-12-06 13:47:32,HOLD,"(0.02, 31)",[[-0.23915171 -0.24482774  0.14638438 -0.08850183 -1.4547422   1.73876327   -0.83470427 -0.19010742 -0.07674313  0.58806331  0.69553097 -0.57449161   -0.50319942  0.19335088  0.         -0.17021401]],0.01,4053.555,0.02,False,0.08202222994083011
2024-12-06 13:48:13,HOLD,"(0.02, 31)",[[-0.23915171 -0.24482774  0.14638438 -0.08850183 -1.4547422   1.73876327   -0.83470427 -0.19010742 -0.07674313  0.58806331  0.69553097 -0.57449161   -0.50319942  0.19335088  0.         -0.17021401]],0.01,4053.555,0.02,False,0.08202222994083011
2024-12-06 13:48:56,HOLD,"(0.02, 31)",[[-0.23915171 -0.24482774  0.14638438 -0.08850183 -1.4547422   1.73876327   -0.83470427 -0.19010742 -0.07674313  0.58806331  0.69553097 -0.57449161   -0.50319942  0.19335088  0.         -0.17021401]],0.01,4053.555,0.02,False,0.08202222994083011
2024-12-06 13:49:38,HOLD,"(0.02, 31)",[[-0.23915171 -0.24482774  0.14638438 -0.08850183 -1.4547422   1.73876327   -0.83470427 -0.19010742 -0.07674313  0.58806331  0.69553097 -0.57449161   -0.50319942  0.19335088  0.         -0.17021401]],0.01,4053.555,0.02,False,0.08202222994083011
2024-12-06 13:50:19,HOLD,"(0.02, 31)",[[-0.23915171 -0.24482774  0.14638438 -0.08850183 -1.4547422   1.73876327   -0.83470427 -0.19010742 -0.07674313  0.58806331  0.69553097 -0.57449161   -0.50319942  0.19335088  0.         -0.17021401]],0.01,4053.555,0.02,False,0.08202222994083011
2024-12-06 13:50:59,HOLD,"(0.02, 31)",[[-0.23915171 -0.24482774  0.14638438 -0.08850183 -1.4547422   1.73876327   -0.83470427 -0.19010742 -0.07674313  0.58806331  0.69553097 -0.57449161   -0.50319942  0.19335088  0.         -0.17021401]],0.01,4053.555,0.02,False,0.08202222994083011
2024-12-06 13:51:40,HOLD,"(0.02, 31)",[[-0.23915171 -0.24482774  0.14638438 -0.08850183 -1.4547422   1.73876327   -0.83470427 -0.19010742 -0.07674313  0.58806331  0.69553097 -0.57449161   -0.50319942  0.19335088  0.         -0.17021401]],0.01,4053.555,0.02,False,0.08202222994083011
2024-12-06 13:52:21,HOLD,"(0.02, 31)",[[-0.23915171 -0.24482774  0.14638438 -0.08850183 -1.4547422   1.73876327   -0.83470427 -0.19010742 -0.07674313  0.58806331  0.69553097 -0.57449161   -0.50319942  0.19335088  0.         -0.17021401]],0.01,4053.555,0.02,False,0.08202222994083011
2024-12-06 13:53:02,HOLD,"(0.02, 31)",[[-0.23915171 -0.24482774  0.14638438 -0.08850183 -1.4547422   1.73876327   -0.83470427 -0.19010742 -0.07674313  0.58806331  0.69553097 -0.57449161   -0.50319942  0.19335088  0.         -0.17021401]],0.01,4054.26,0.02,False,0.0817235899024153
2024-12-06 13:53:42,HOLD,"(0.02, 31)",[[-0.23915171 -0.24482774  0.14638438 -0.08850183 -1.4547422   1.73876327   -0.83470427 -0.19010742 -0.07674313  0.58806331  0.69553097 -0.57449161   -0.50319942  0.19335088  0.         -0.17021401]],0.01,4053.555,0.02,False,0.08202222994083011
2024-12-06 13:54:23,HOLD,"(0.02, 31)",[[-0.23915171 -0.24482774  0.14638438 -0.08850183 -1.4547422   1.73876327   -0.83470427 -0.19010742 -0.07674313  0.58806331  0.69553097 -0.57449161   -0.50319942  0.19335088  0.         -0.17021401]],0.01,4053.555,0.02,False,0.08202222994083011
2024-12-06 13:55:04,HOLD,"(0.02, 31)",[[-0.23915171 -0.24482774  0.14638438 -0.08850183 -1.4547422   1.73876327   -0.83470427 -0.19010742 -0.07674313  0.58806331  0.69553097 -0.57449161   -0.50319942  0.19335088  0.         -0.17021401]],0.01,4053.555,0.02,False,0.08202222994083011
2024-12-06 13:55:44,HOLD,"(0.02, 31)",[[-0.23915171 -0.24482774  0.14638438 -0.08850183 -1.4547422   1.73876327   -0.83470427 -0.19010742 -0.07674313  0.58806331  0.69553097 -0.57449161   -0.50319942  0.19335088  0.         -0.17021401]],0.01,4053.555,0.02,False,0.08202222994083011
2024-12-06 13:56:26,HOLD,"(0.02, 31)",[[-0.23915171 -0.24482774  0.14638438 -0.08850183 -1.4547422   1.73876327   -0.83470427 -0.19010742 -0.07674313  0.58806331  0.69553097 -0.57449161   -0.50319942  0.19335088  0.         -0.17021401]],0.01,4053.555,0.02,False,0.08202222994083011
2024-12-06 13:57:07,HOLD,"(0.02, 31)",[[-0.23915171 -0.24482774  0.14638438 -0.08850183 -1.4547422   1.73876327   -0.83470427 -0.19010742 -0.07674313  0.58806331  0.69553097 -0.57449161   -0.50319942  0.19335088  0.         -0.17021401]],0.01,4053.555,0.02,False,0.08202222994083011
2024-12-06 13:57:48,HOLD,"(0.02, 31)",[[-0.23915171 -0.24482774  0.14638438 -0.08850183 -1.4547422   1.73876327   -0.83470427 -0.19010742 -0.07674313  0.58806331  0.69553097 -0.57449161   -0.50319942  0.19335088  0.         -0.17021401]],0.01,4053.555,0.02,False,0.08202222994083011
2024-12-06 13:58:28,HOLD,"(0.02, 31)",[[-0.23915171 -0.24482774  0.14638438 -0.08850183 -1.4547422   1.73876327   -0.83470427 -0.19010742 -0.07674313  0.58806331  0.69553097 -0.57449161   -0.50319942  0.19335088  0.         -0.17021401]],0.01,4053.555,0.02,False,0.08202222994083011
2024-12-06 13:59:09,HOLD,"(0.02, 31)",[[-0.23915171 -0.24482774  0.14638438 -0.08850183 -1.4547422   1.73876327   -0.83470427 -0.19010742 -0.07674313  0.58806331  0.69553097 -0.57449161   -0.50319942  0.19335088  0.         -0.17021401]],0.01,4053.555,0.02,False,0.08202222994083011
2024-12-06 13:59:50,HOLD,"(0.02, 31)",[[-0.23915171 -0.24482774  0.14638438 -0.08850183 -1.4547422   1.73876327   -0.83470427 -0.19010742 -0.07674313  0.58806331  0.69553097 -0.57449161   -0.50319942  0.19335088  0.         -0.17021401]],0.01,4053.555,0.02,False,0.08202222994083011
2024-12-06 14:00:30,HOLD,"(0.02, 39)",[[ 0.56156243  0.02812101 -0.07666963  0.5587065  -0.6332562   1.04144802   -0.57565138  0.07854788 -0.31905155 -0.61356141  0.54319347 -0.44512486   -0.97656939  0.22575827  0.         -0.06614944]],0.01,4031.3,0.02,False,0.31681570862605524
2024-12-06 14:01:11,HOLD,"(0.02, 39)",[[ 0.56156243  0.02812101 -0.07666963  0.5587065  -0.6332562   1.04144802   -0.57565138  0.07854788 -0.31905155 -0.61356141  0.54319347 -0.44512486   -0.97656939  0.22575827  0.         -0.06614944]],0.01,4031.3,0.02,False,0.31643678951848025
2024-12-06 14:01:53,HOLD,"(0.02, 39)",[[ 0.56156243  0.02812101 -0.07666963  0.5587065  -0.6332562   1.04144802   -0.57565138  0.07854788 -0.31905155 -0.61356141  0.54319347 -0.44512486   -0.97656939  0.22575827  0.         -0.06614944]],0.01,4031.3,0.02,False,0.31643678951848025
2024-12-06 14:02:34,HOLD,"(0.02, 39)",[[ 0.56156243  0.02812101 -0.07666963  0.5587065  -0.6332562   1.04144802   -0.57565138  0.07854788 -0.31905155 -0.61356141  0.54319347 -0.44512486   -0.97656939  0.22575827  0.         -0.06614944]],0.01,4031.3,0.02,False,0.31681570862605524
2024-12-06 14:03:14,HOLD,"(0.02, 39)",[[ 0.56156243  0.02812101 -0.07666963  0.5587065  -0.6332562   1.04144802   -0.57565138  0.07854788 -0.31905155 -0.61356141  0.54319347 -0.44512486   -0.97656939  0.22575827  0.         -0.06614944]],0.01,4031.3,0.02,False,0.31643678951848025
2024-12-06 14:03:55,HOLD,"(0.02, 39)",[[ 0.56156243  0.02812101 -0.07666963  0.5587065  -0.6332562   1.04144802   -0.57565138  0.07854788 -0.31905155 -0.61356141  0.54319347 -0.44512486   -0.97656939  0.22575827  0.         -0.06614944]],0.01,4031.3,0.02,False,0.31643678951848025
2024-12-06 14:04:36,HOLD,"(0.02, 39)",[[ 0.56156243  0.02812101 -0.07666963  0.5587065  -0.6332562   1.04144802   -0.57565138  0.07854788 -0.31905155 -0.61356141  0.54319347 -0.44512486   -0.97656939  0.22575827  0.         -0.06614944]],0.01,4031.3,0.02,False,0.31643678951848025
2024-12-06 14:05:19,HOLD,"(0.02, 39)",[[ 0.56156243  0.02812101 -0.07666963  0.5587065  -0.6332562   1.04144802   -0.57565138  0.07854788 -0.31905155 -0.61356141  0.54319347 -0.44512486   -0.97656939  0.22575827  0.         -0.06614944]],0.01,4031.3,0.02,False,0.31643678951848025
2024-12-06 14:05:59,HOLD,"(0.02, 39)",[[ 0.56156243  0.02812101 -0.07666963  0.5587065  -0.6332562   1.04144802   -0.57565138  0.07854788 -0.31905155 -0.61356141  0.54319347 -0.44512486   -0.97656939  0.22575827  0.         -0.06614944]],0.01,4031.3,0.02,False,0.31643678951848025
2024-12-06 14:06:38,HOLD,"(0.02, 39)",[[ 0.56156243  0.02812101 -0.07666963  0.5587065  -0.6332562   1.04144802   -0.57565138  0.07854788 -0.31905155 -0.61356141  0.54319347 -0.44512486   -0.97656939  0.22575827  0.         -0.06614944]],0.01,4031.3,0.02,False,0.31643678951848025
2024-12-06 14:07:18,HOLD,"(0.02, 39)",[[ 0.56156243  0.02812101 -0.07666963  0.5587065  -0.6332562   1.04144802   -0.57565138  0.07854788 -0.31905155 -0.61356141  0.54319347 -0.44512486   -0.97656939  0.22575827  0.         -0.06614944]],0.01,4031.3,0.02,False,0.31681570862605524
2024-12-06 14:07:58,HOLD,"(0.02, 39)",[[ 0.56156243  0.02812101 -0.07666963  0.5587065  -0.6332562   1.04144802   -0.57565138  0.07854788 -0.31905155 -0.61356141  0.54319347 -0.44512486   -0.97656939  0.22575827  0.         -0.06614944]],0.01,4031.3,0.02,False,0.31681570862605524
2024-12-06 14:08:39,HOLD,"(0.02, 39)",[[ 0.56156243  0.02812101 -0.07666963  0.5587065  -0.6332562   1.04144802   -0.57565138  0.07854788 -0.31905155 -0.61356141  0.54319347 -0.44512486   -0.97656939  0.22575827  0.         -0.06614944]],0.01,4031.215,0.02,False,0.31638297086068384
2024-12-06 14:09:19,HOLD,"(0.02, 39)",[[ 0.56156243  0.02812101 -0.07666963  0.5587065  -0.6332562   1.04144802   -0.57565138  0.07854788 -0.31905155 -0.61356141  0.54319347 -0.44512486   -0.97656939  0.22575827  0.         -0.06614944]],0.01,4031.215,0.02,False,0.31638297086068384
2024-12-06 14:10:00,HOLD,"(0.02, 39)",[[ 0.56156243  0.02812101 -0.07666963  0.5587065  -0.6332562   1.04144802   -0.57565138  0.07854788 -0.31905155 -0.61356141  0.54319347 -0.44512486   -0.97656939  0.22575827  0.         -0.06614944]],0.01,4031.3,0.02,False,0.31643678951848025
2024-12-06 14:10:40,HOLD,"(0.02, 39)",[[ 0.56156243  0.02812101 -0.07666963  0.5587065  -0.6332562   1.04144802   -0.57565138  0.07854788 -0.31905155 -0.61356141  0.54319347 -0.44512486   -0.97656939  0.22575827  0.         -0.06614944]],0.01,4031.3,0.02,False,0.31681570862605524
2024-12-06 14:11:21,HOLD,"(0.02, 39)",[[ 0.56156243  0.02812101 -0.07666963  0.5587065  -0.6332562   1.04144802   -0.57565138  0.07854788 -0.31905155 -0.61356141  0.54319347 -0.44512486   -0.97656939  0.22575827  0.         -0.06614944]],0.01,4031.215,0.02,False,0.31638297086068384
2024-12-06 14:12:00,HOLD,"(0.02, 39)",[[ 0.56156243  0.02812101 -0.07666963  0.5587065  -0.6332562   1.04144802   -0.57565138  0.07854788 -0.31905155 -0.61356141  0.54319347 -0.44512486   -0.97656939  0.22575827  0.         -0.06614944]],0.01,4031.215,0.02,False,0.31638297086068384
2024-12-06 14:12:40,HOLD,"(0.02, 39)",[[ 0.56156243  0.02812101 -0.07666963  0.5587065  -0.6332562   1.04144802   -0.57565138  0.07854788 -0.31905155 -0.61356141  0.54319347 -0.44512486   -0.97656939  0.22575827  0.         -0.06614944]],0.01,4031.215,0.02,False,0.31638297086068384
2024-12-06 14:13:20,HOLD,"(0.02, 39)",[[ 0.56156243  0.02812101 -0.07666963  0.5587065  -0.6332562   1.04144802   -0.57565138  0.07854788 -0.31905155 -0.61356141  0.54319347 -0.44512486   -0.97656939  0.22575827  0.         -0.06614944]],0.01,4031.215,0.02,False,0.31638297086068384
2024-12-06 14:14:00,HOLD,"(0.02, 39)",[[ 0.56156243  0.02812101 -0.07666963  0.5587065  -0.6332562   1.04144802   -0.57565138  0.07854788 -0.31905155 -0.61356141  0.54319347 -0.44512486   -0.97656939  0.22575827  0.         -0.06614944]],0.01,4031.215,0.02,False,0.31638297086068384
2024-12-06 14:14:42,HOLD,"(0.02, 39)",[[ 0.56156243  0.02812101 -0.07666963  0.5587065  -0.6332562   1.04144802   -0.57565138  0.07854788 -0.31905155 -0.61356141  0.54319347 -0.44512486   -0.97656939  0.22575827  0.         -0.06614944]],0.01,4031.215,0.02,False,0.31638297086068384
2024-12-06 14:15:22,HOLD,"(0.02, 39)",[[ 0.56156243  0.02812101 -0.07666963  0.5587065  -0.6332562   1.04144802   -0.57565138  0.07854788 -0.31905155 -0.61356141  0.54319347 -0.44512486   -0.97656939  0.22575827  0.         -0.06614944]],0.01,4031.215,0.02,False,0.31638297086068384
2024-12-06 14:16:02,HOLD,"(0.02, 39)",[[ 0.56156243  0.02812101 -0.07666963  0.5587065  -0.6332562   1.04144802   -0.57565138  0.07854788 -0.31905155 -0.61356141  0.54319347 -0.44512486   -0.97656939  0.22575827  0.         -0.06614944]],0.01,4031.215,0.02,False,0.31638297086068384
2024-12-06 14:16:42,HOLD,"(0.02, 39)",[[ 0.56156243  0.02812101 -0.07666963  0.5587065  -0.6332562   1.04144802   -0.57565138  0.07854788 -0.31905155 -0.61356141  0.54319347 -0.44512486   -0.97656939  0.22575827  0.         -0.06614944]],0.01,4031.215,0.02,False,0.31638297086068384
2024-12-06 14:17:22,HOLD,"(0.02, 39)",[[ 0.56156243  0.02812101 -0.07666963  0.5587065  -0.6332562   1.04144802   -0.57565138  0.07854788 -0.31905155 -0.61356141  0.54319347 -0.44512486   -0.97656939  0.22575827  0.         -0.06614944]],0.01,4031.215,0.02,False,0.31638297086068384
2024-12-06 14:18:02,HOLD,"(0.02, 39)",[[ 0.56156243  0.02812101 -0.07666963  0.5587065  -0.6332562   1.04144802   -0.57565138  0.07854788 -0.31905155 -0.61356141  0.54319347 -0.44512486   -0.97656939  0.22575827  0.         -0.06614944]],0.01,4031.215,0.02,False,0.31638297086068384
2024-12-06 14:18:42,HOLD,"(0.02, 39)",[[ 0.56156243  0.02812101 -0.07666963  0.5587065  -0.6332562   1.04144802   -0.57565138  0.07854788 -0.31905155 -0.61356141  0.54319347 -0.44512486   -0.97656939  0.22575827  0.         -0.06614944]],0.01,4031.215,0.02,False,0.31638297086068384
2024-12-06 14:19:23,HOLD,"(0.02, 39)",[[ 0.56156243  0.02812101 -0.07666963  0.5587065  -0.6332562   1.04144802   -0.57565138  0.07854788 -0.31905155 -0.61356141  0.54319347 -0.44512486   -0.97656939  0.22575827  0.         -0.06614944]],0.01,4031.215,0.02,False,0.31638297086068384
2024-12-06 14:20:06,HOLD,"(0.02, 39)",[[ 0.56156243  0.02812101 -0.07666963  0.5587065  -0.6332562   1.04144802   -0.57565138  0.07854788 -0.31905155 -0.61356141  0.54319347 -0.44512486   -0.97656939  0.22575827  0.         -0.06614944]],0.01,4031.215,0.02,False,0.31638297086068384
2024-12-06 14:20:46,HOLD,"(0.02, 39)",[[ 0.56156243  0.02812101 -0.07666963  0.5587065  -0.6332562   1.04144802   -0.57565138  0.07854788 -0.31905155 -0.61356141  0.54319347 -0.44512486   -0.97656939  0.22575827  0.         -0.06614944]],0.01,4031.215,0.02,False,0.31638297086068384
2024-12-06 14:21:26,HOLD,"(0.02, 39)",[[ 0.56156243  0.02812101 -0.07666963  0.5587065  -0.6332562   1.04144802   -0.57565138  0.07854788 -0.31905155 -0.61356141  0.54319347 -0.44512486   -0.97656939  0.22575827  0.         -0.06614944]],0.01,4031.215,0.02,False,0.31638297086068384
2024-12-06 14:22:06,HOLD,"(0.02, 39)",[[ 0.56156243  0.02812101 -0.07666963  0.5587065  -0.6332562   1.04144802   -0.57565138  0.07854788 -0.31905155 -0.61356141  0.54319347 -0.44512486   -0.97656939  0.22575827  0.         -0.06614944]],0.01,4031.215,0.02,False,0.31638297086068384
2024-12-06 14:22:47,HOLD,"(0.02, 39)",[[ 0.56156243  0.02812101 -0.07666963  0.5587065  -0.6332562   1.04144802   -0.57565138  0.07854788 -0.31905155 -0.61356141  0.54319347 -0.44512486   -0.97656939  0.22575827  0.         -0.06614944]],0.01,4031.215,0.02,False,0.31638297086068384
2024-12-06 14:23:27,HOLD,"(0.02, 39)",[[ 0.56156243  0.02812101 -0.07666963  0.5587065  -0.6332562   1.04144802   -0.57565138  0.07854788 -0.31905155 -0.61356141  0.54319347 -0.44512486   -0.97656939  0.22575827  0.         -0.06614944]],0.01,4031.215,0.02,False,0.31638297086068384
2024-12-06 14:24:07,HOLD,"(0.02, 39)",[[ 0.56156243  0.02812101 -0.07666963  0.5587065  -0.6332562   1.04144802   -0.57565138  0.07854788 -0.31905155 -0.61356141  0.54319347 -0.44512486   -0.97656939  0.22575827  0.         -0.06614944]],0.01,4031.215,0.02,False,0.31638297086068384
2024-12-06 14:24:47,HOLD,"(0.02, 39)",[[ 0.56156243  0.02812101 -0.07666963  0.5587065  -0.6332562   1.04144802   -0.57565138  0.07854788 -0.31905155 -0.61356141  0.54319347 -0.44512486   -0.97656939  0.22575827  0.         -0.06614944]],0.01,4031.215,0.02,False,0.31638297086068384
2024-12-06 14:25:27,HOLD,"(0.02, 39)",[[ 0.56156243  0.02812101 -0.07666963  0.5587065  -0.6332562   1.04144802   -0.57565138  0.07854788 -0.31905155 -0.61356141  0.54319347 -0.44512486   -0.97656939  0.22575827  0.         -0.06614944]],0.01,4031.215,0.02,False,0.31638297086068384
2024-12-06 14:26:07,HOLD,"(0.02, 39)",[[ 0.56156243  0.02812101 -0.07666963  0.5587065  -0.6332562   1.04144802   -0.57565138  0.07854788 -0.31905155 -0.61356141  0.54319347 -0.44512486   -0.97656939  0.22575827  0.         -0.06614944]],0.01,4031.215,0.02,False,0.31638297086068384
2024-12-06 14:26:47,HOLD,"(0.02, 39)",[[ 0.56156243  0.02812101 -0.07666963  0.5587065  -0.6332562   1.04144802   -0.57565138  0.07854788 -0.31905155 -0.61356141  0.54319347 -0.44512486   -0.97656939  0.22575827  0.         -0.06614944]],0.01,4031.215,0.02,False,0.31638297086068384
2024-12-06 14:27:27,HOLD,"(0.02, 39)",[[ 0.56156243  0.02812101 -0.07666963  0.5587065  -0.6332562   1.04144802   -0.57565138  0.07854788 -0.31905155 -0.61356141  0.54319347 -0.44512486   -0.97656939  0.22575827  0.         -0.06614944]],0.01,4031.215,0.02,False,0.31638297086068384
2024-12-06 14:28:08,HOLD,"(0.02, 39)",[[ 0.56156243  0.02812101 -0.07666963  0.5587065  -0.6332562   1.04144802   -0.57565138  0.07854788 -0.31905155 -0.61356141  0.54319347 -0.44512486   -0.97656939  0.22575827  0.         -0.06614944]],0.01,4031.215,0.02,False,0.31638297086068384
2024-12-06 14:28:48,HOLD,"(0.02, 39)",[[ 0.56156243  0.02812101 -0.07666963  0.5587065  -0.6332562   1.04144802   -0.57565138  0.07854788 -0.31905155 -0.61356141  0.54319347 -0.44512486   -0.97656939  0.22575827  0.         -0.06614944]],0.01,4031.215,0.02,False,0.31638297086068384
2024-12-06 14:29:28,HOLD,"(0.02, 39)",[[ 0.56156243  0.02812101 -0.07666963  0.5587065  -0.6332562   1.04144802   -0.57565138  0.07854788 -0.31905155 -0.61356141  0.54319347 -0.44512486   -0.97656939  0.22575827  0.         -0.06614944]],0.01,4031.215,0.02,False,0.31638297086068384
2024-12-06 14:30:09,HOLD,"(0.02, 39)",[[ 0.56156243  0.02812101 -0.07666963  0.5587065  -0.6332562   1.04144802   -0.57565138  0.07854788 -0.31905155 -0.61356141  0.54319347 -0.44512486   -0.97656939  0.22575827  0.         -0.06614944]],0.01,4031.215,0.02,False,0.31638297086068384
2024-12-06 14:30:51,HOLD,"(0.02, 39)",[[ 0.56156243  0.02812101 -0.07666963  0.5587065  -0.6332562   1.04144802   -0.57565138  0.07854788 -0.31905155 -0.61356141  0.54319347 -0.44512486   -0.97656939  0.22575827  0.         -0.06614944]],0.01,4031.215,0.02,False,0.31638297086068384
2024-12-06 14:31:30,HOLD,"(0.02, 39)",[[ 0.56156243  0.02812101 -0.07666963  0.5587065  -0.6332562   1.04144802   -0.57565138  0.07854788 -0.31905155 -0.61356141  0.54319347 -0.44512486   -0.97656939  0.22575827  0.         -0.06614944]],0.01,4031.215,0.02,False,0.31638297086068384
2024-12-06 14:32:11,HOLD,"(0.02, 39)",[[ 0.56156243  0.02812101 -0.07666963  0.5587065  -0.6332562   1.04144802   -0.57565138  0.07854788 -0.31905155 -0.61356141  0.54319347 -0.44512486   -0.97656939  0.22575827  0.         -0.06614944]],0.01,4031.215,0.02,False,0.31638297086068384
2024-12-06 14:32:52,HOLD,"(0.02, 39)",[[ 0.56156243  0.02812101 -0.07666963  0.5587065  -0.6332562   1.04144802   -0.57565138  0.07854788 -0.31905155 -0.61356141  0.54319347 -0.44512486   -0.97656939  0.22575827  0.         -0.06614944]],0.01,4031.215,0.02,False,0.31638297086068384
2024-12-06 14:33:32,HOLD,"(0.02, 39)",[[ 0.56156243  0.02812101 -0.07666963  0.5587065  -0.6332562   1.04144802   -0.57565138  0.07854788 -0.31905155 -0.61356141  0.54319347 -0.44512486   -0.97656939  0.22575827  0.         -0.06614944]],0.01,4031.215,0.02,False,0.31638297086068384
2024-12-06 14:34:12,HOLD,"(0.02, 39)",[[ 0.56156243  0.02812101 -0.07666963  0.5587065  -0.6332562   1.04144802   -0.57565138  0.07854788 -0.31905155 -0.61356141  0.54319347 -0.44512486   -0.97656939  0.22575827  0.         -0.06614944]],0.01,4031.215,0.02,False,0.31638297086068384
2024-12-06 14:34:54,HOLD,"(0.02, 39)",[[ 0.56156243  0.02812101 -0.07666963  0.5587065  -0.6332562   1.04144802   -0.57565138  0.07854788 -0.31905155 -0.61356141  0.54319347 -0.44512486   -0.97656939  0.22575827  0.         -0.06614944]],0.01,4031.215,0.02,False,0.31638297086068384
2024-12-06 14:35:34,HOLD,"(0.02, 39)",[[ 0.56156243  0.02812101 -0.07666963  0.5587065  -0.6332562   1.04144802   -0.57565138  0.07854788 -0.31905155 -0.61356141  0.54319347 -0.44512486   -0.97656939  0.22575827  0.         -0.06614944]],0.01,4031.215,0.02,False,0.31638297086068384
2024-12-06 14:36:14,HOLD,"(0.02, 39)",[[ 0.56156243  0.02812101 -0.07666963  0.5587065  -0.6332562   1.04144802   -0.57565138  0.07854788 -0.31905155 -0.61356141  0.54319347 -0.44512486   -0.97656939  0.22575827  0.         -0.06614944]],0.01,4031.215,0.02,False,0.31638297086068384
2024-12-06 14:36:54,HOLD,"(0.02, 39)",[[ 0.56156243  0.02812101 -0.07666963  0.5587065  -0.6332562   1.04144802   -0.57565138  0.07854788 -0.31905155 -0.61356141  0.54319347 -0.44512486   -0.97656939  0.22575827  0.         -0.06614944]],0.01,4031.215,0.02,False,0.31638297086068384
2024-12-06 14:37:33,HOLD,"(0.02, 39)",[[ 0.56156243  0.02812101 -0.07666963  0.5587065  -0.6332562   1.04144802   -0.57565138  0.07854788 -0.31905155 -0.61356141  0.54319347 -0.44512486   -0.97656939  0.22575827  0.         -0.06614944]],0.01,4031.215,0.02,False,0.31638297086068384
2024-12-06 14:38:14,HOLD,"(0.02, 39)",[[ 0.56156243  0.02812101 -0.07666963  0.5587065  -0.6332562   1.04144802   -0.57565138  0.07854788 -0.31905155 -0.61356141  0.54319347 -0.44512486   -0.97656939  0.22575827  0.         -0.06614944]],0.01,4031.215,0.02,False,0.31638297086068384
2024-12-06 14:38:53,HOLD,"(0.02, 39)",[[ 0.56156243  0.02812101 -0.07666963  0.5587065  -0.6332562   1.04144802   -0.57565138  0.07854788 -0.31905155 -0.61356141  0.54319347 -0.44512486   -0.97656939  0.22575827  0.         -0.06614944]],0.01,4031.215,0.02,False,0.31638297086068384
2024-12-06 14:39:33,HOLD,"(0.02, 39)",[[ 0.56156243  0.02812101 -0.07666963  0.5587065  -0.6332562   1.04144802   -0.57565138  0.07854788 -0.31905155 -0.61356141  0.54319347 -0.44512486   -0.97656939  0.22575827  0.         -0.06614944]],0.01,4031.215,0.02,False,0.31638297086068384
2024-12-06 14:40:14,HOLD,"(0.02, 39)",[[ 0.56156243  0.02812101 -0.07666963  0.5587065  -0.6332562   1.04144802   -0.57565138  0.07854788 -0.31905155 -0.61356141  0.54319347 -0.44512486   -0.97656939  0.22575827  0.         -0.06614944]],0.01,4031.215,0.02,False,0.31638297086068384
2024-12-06 14:40:55,HOLD,"(0.02, 39)",[[ 0.56156243  0.02812101 -0.07666963  0.5587065  -0.6332562   1.04144802   -0.57565138  0.07854788 -0.31905155 -0.61356141  0.54319347 -0.44512486   -0.97656939  0.22575827  0.         -0.06614944]],0.01,4031.215,0.02,False,0.31638297086068384
2024-12-06 14:41:34,HOLD,"(0.02, 39)",[[ 0.56156243  0.02812101 -0.07666963  0.5587065  -0.6332562   1.04144802   -0.57565138  0.07854788 -0.31905155 -0.61356141  0.54319347 -0.44512486   -0.97656939  0.22575827  0.         -0.06614944]],0.01,4031.215,0.02,False,0.31638297086068384
2024-12-06 14:42:14,HOLD,"(0.02, 39)",[[ 0.56156243  0.02812101 -0.07666963  0.5587065  -0.6332562   1.04144802   -0.57565138  0.07854788 -0.31905155 -0.61356141  0.54319347 -0.44512486   -0.97656939  0.22575827  0.         -0.06614944]],0.01,4031.215,0.02,False,0.31638297086068384
2024-12-06 14:42:55,HOLD,"(0.02, 39)",[[ 0.56156243  0.02812101 -0.07666963  0.5587065  -0.6332562   1.04144802   -0.57565138  0.07854788 -0.31905155 -0.61356141  0.54319347 -0.44512486   -0.97656939  0.22575827  0.         -0.06614944]],0.01,4031.215,0.02,False,0.31638297086068384
2024-12-06 14:43:41,HOLD,"(0.02, 39)",[[ 0.56156243  0.02812101 -0.07666963  0.5587065  -0.6332562   1.04144802   -0.57565138  0.07854788 -0.31905155 -0.61356141  0.54319347 -0.44512486   -0.97656939  0.22575827  0.         -0.06614944]],0.01,4031.215,0.02,False,0.31638297086068384
2024-12-06 14:44:22,HOLD,"(0.02, 39)",[[ 0.56156243  0.02812101 -0.07666963  0.5587065  -0.6332562   1.04144802   -0.57565138  0.07854788 -0.31905155 -0.61356141  0.54319347 -0.44512486   -0.97656939  0.22575827  0.         -0.06614944]],0.01,4031.215,0.02,False,0.31638297086068384
2024-12-06 14:45:05,HOLD,"(0.02, 39)",[[ 0.56156243  0.02812101 -0.07666963  0.5587065  -0.6332562   1.04144802   -0.57565138  0.07854788 -0.31905155 -0.61356141  0.54319347 -0.44512486   -0.97656939  0.22575827  0.         -0.06614944]],0.01,4031.215,0.02,False,0.31638297086068384
2024-12-06 14:45:46,HOLD,"(0.02, 39)",[[ 0.56156243  0.02812101 -0.07666963  0.5587065  -0.6332562   1.04144802   -0.57565138  0.07854788 -0.31905155 -0.61356141  0.54319347 -0.44512486   -0.97656939  0.22575827  0.         -0.06614944]],0.01,4031.215,0.02,False,0.31638297086068384
2024-12-06 14:46:27,HOLD,"(0.02, 39)",[[ 0.56156243  0.02812101 -0.07666963  0.5587065  -0.6332562   1.04144802   -0.57565138  0.07854788 -0.31905155 -0.61356141  0.54319347 -0.44512486   -0.97656939  0.22575827  0.         -0.06614944]],0.01,4031.215,0.02,False,0.31638297086068384
2024-12-06 14:47:07,HOLD,"(0.02, 39)",[[ 0.56156243  0.02812101 -0.07666963  0.5587065  -0.6332562   1.04144802   -0.57565138  0.07854788 -0.31905155 -0.61356141  0.54319347 -0.44512486   -0.97656939  0.22575827  0.         -0.06614944]],0.01,4031.215,0.02,False,0.31638297086068384
2024-12-06 14:47:48,HOLD,"(0.02, 39)",[[ 0.56156243  0.02812101 -0.07666963  0.5587065  -0.6332562   1.04144802   -0.57565138  0.07854788 -0.31905155 -0.61356141  0.54319347 -0.44512486   -0.97656939  0.22575827  0.         -0.06614944]],0.01,4031.215,0.02,False,0.31638297086068384
2024-12-06 14:48:29,HOLD,"(0.02, 39)",[[ 0.56156243  0.02812101 -0.07666963  0.5587065  -0.6332562   1.04144802   -0.57565138  0.07854788 -0.31905155 -0.61356141  0.54319347 -0.44512486   -0.97656939  0.22575827  0.         -0.06614944]],0.01,4031.215,0.02,False,0.31638297086068384
2024-12-06 14:49:10,HOLD,"(0.02, 39)",[[ 0.56156243  0.02812101 -0.07666963  0.5587065  -0.6332562   1.04144802   -0.57565138  0.07854788 -0.31905155 -0.61356141  0.54319347 -0.44512486   -0.97656939  0.22575827  0.         -0.06614944]],0.01,4031.215,0.02,False,0.31638297086068384
2024-12-06 14:49:50,HOLD,"(0.02, 39)",[[ 0.56156243  0.02812101 -0.07666963  0.5587065  -0.6332562   1.04144802   -0.57565138  0.07854788 -0.31905155 -0.61356141  0.54319347 -0.44512486   -0.97656939  0.22575827  0.         -0.06614944]],0.01,4031.215,0.02,False,0.31638297086068384
2024-12-06 14:50:32,HOLD,"(0.02, 39)",[[ 0.56156243  0.02812101 -0.07666963  0.5587065  -0.6332562   1.04144802   -0.57565138  0.07854788 -0.31905155 -0.61356141  0.54319347 -0.44512486   -0.97656939  0.22575827  0.         -0.06614944]],0.01,4031.215,0.02,False,0.31638297086068384
2024-12-06 14:51:12,HOLD,"(0.02, 39)",[[ 0.56156243  0.02812101 -0.07666963  0.5587065  -0.6332562   1.04144802   -0.57565138  0.07854788 -0.31905155 -0.61356141  0.54319347 -0.44512486   -0.97656939  0.22575827  0.         -0.06614944]],0.01,4031.215,0.02,False,0.31638297086068384
2024-12-06 14:51:52,HOLD,"(0.02, 39)",[[ 0.56156243  0.02812101 -0.07666963  0.5587065  -0.6332562   1.04144802   -0.57565138  0.07854788 -0.31905155 -0.61356141  0.54319347 -0.44512486   -0.97656939  0.22575827  0.         -0.06614944]],0.01,4031.215,0.02,False,0.31638297086068384
2024-12-06 14:52:33,HOLD,"(0.02, 39)",[[ 0.56156243  0.02812101 -0.07666963  0.5587065  -0.6332562   1.04144802   -0.57565138  0.07854788 -0.31905155 -0.61356141  0.54319347 -0.44512486   -0.97656939  0.22575827  0.         -0.06614944]],0.01,4031.215,0.02,False,0.31638297086068384
2024-12-06 14:53:13,HOLD,"(0.02, 39)",[[ 0.56156243  0.02812101 -0.07666963  0.5587065  -0.6332562   1.04144802   -0.57565138  0.07854788 -0.31905155 -0.61356141  0.54319347 -0.44512486   -0.97656939  0.22575827  0.         -0.06614944]],0.01,4031.215,0.02,False,0.31638297086068384
2024-12-06 14:53:53,HOLD,"(0.02, 39)",[[ 0.56156243  0.02812101 -0.07666963  0.5587065  -0.6332562   1.04144802   -0.57565138  0.07854788 -0.31905155 -0.61356141  0.54319347 -0.44512486   -0.97656939  0.22575827  0.         -0.06614944]],0.01,4031.215,0.02,False,0.31638297086068384
2024-12-06 14:54:33,HOLD,"(0.02, 39)",[[ 0.56156243  0.02812101 -0.07666963  0.5587065  -0.6332562   1.04144802   -0.57565138  0.07854788 -0.31905155 -0.61356141  0.54319347 -0.44512486   -0.97656939  0.22575827  0.         -0.06614944]],0.01,4031.215,0.02,False,0.31638297086068384
2024-12-06 14:55:14,HOLD,"(0.02, 39)",[[ 0.56156243  0.02812101 -0.07666963  0.5587065  -0.6332562   1.04144802   -0.57565138  0.07854788 -0.31905155 -0.61356141  0.54319347 -0.44512486   -0.97656939  0.22575827  0.         -0.06614944]],0.01,4031.215,0.02,False,0.31638297086068384
2024-12-06 14:55:54,HOLD,"(0.02, 39)",[[ 0.56156243  0.02812101 -0.07666963  0.5587065  -0.6332562   1.04144802   -0.57565138  0.07854788 -0.31905155 -0.61356141  0.54319347 -0.44512486   -0.97656939  0.22575827  0.         -0.06614944]],0.01,4031.215,0.02,False,0.31638297086068384
2024-12-06 14:56:34,HOLD,"(0.02, 39)",[[ 0.56156243  0.02812101 -0.07666963  0.5587065  -0.6332562   1.04144802   -0.57565138  0.07854788 -0.31905155 -0.61356141  0.54319347 -0.44512486   -0.97656939  0.22575827  0.         -0.06614944]],0.01,4031.215,0.02,False,0.31638297086068384
2024-12-06 14:57:14,HOLD,"(0.02, 39)",[[ 0.56156243  0.02812101 -0.07666963  0.5587065  -0.6332562   1.04144802   -0.57565138  0.07854788 -0.31905155 -0.61356141  0.54319347 -0.44512486   -0.97656939  0.22575827  0.         -0.06614944]],0.01,4031.215,0.02,False,0.31638297086068384
2024-12-06 14:57:54,HOLD,"(0.02, 39)",[[ 0.56156243  0.02812101 -0.07666963  0.5587065  -0.6332562   1.04144802   -0.57565138  0.07854788 -0.31905155 -0.61356141  0.54319347 -0.44512486   -0.97656939  0.22575827  0.         -0.06614944]],0.01,4031.215,0.02,False,0.31638297086068384
2024-12-06 14:58:35,HOLD,"(0.02, 39)",[[ 0.56156243  0.02812101 -0.07666963  0.5587065  -0.6332562   1.04144802   -0.57565138  0.07854788 -0.31905155 -0.61356141  0.54319347 -0.44512486   -0.97656939  0.22575827  0.         -0.06614944]],0.01,4031.215,0.02,False,0.31638297086068384
2024-12-06 14:59:15,HOLD,"(0.02, 39)",[[ 0.56156243  0.02812101 -0.07666963  0.5587065  -0.6332562   1.04144802   -0.57565138  0.07854788 -0.31905155 -0.61356141  0.54319347 -0.44512486   -0.97656939  0.22575827  0.         -0.06614944]],0.01,4031.215,0.02,False,0.31638297086068384
2024-12-06 14:59:55,HOLD,"(0.02, 39)",[[ 0.56156243  0.02812101 -0.07666963  0.5587065  -0.6332562   1.04144802   -0.57565138  0.07854788 -0.31905155 -0.61356141  0.54319347 -0.44512486   -0.97656939  0.22575827  0.         -0.06614944]],0.01,4031.215,0.02,False,0.31638297086068384
2024-12-06 15:00:35,HOLD,"(0.02, 31)",[[-0.23979325 -0.36084665  0.17134707 -0.05199225 -1.36944921  1.6351125   -0.89487759 -0.12332381 -0.03101022  0.64428993  0.77930625 -0.55612669   -0.56363584  0.1688323   0.         -0.14419847]],0.01,4031.375,0.02,False,0.10132490273968751
2024-12-06 15:01:15,HOLD,"(0.02, 31)",[[-0.23979325 -0.36084665  0.17134707 -0.05199225 -1.36944921  1.6351125   -0.89487759 -0.12332381 -0.03101022  0.64428993  0.77930625 -0.55612669   -0.56363584  0.1688323   0.         -0.14419847]],0.01,4031.375,0.02,False,0.10132490273968751
2024-12-06 15:01:55,HOLD,"(0.02, 31)",[[-0.23979325 -0.36084665  0.17134707 -0.05199225 -1.36944921  1.6351125   -0.89487759 -0.12332381 -0.03101022  0.64428993  0.77930625 -0.55612669   -0.56363584  0.1688323   0.         -0.14419847]],0.01,4031.375,0.02,False,0.10132490273968751
2024-12-06 15:02:35,HOLD,"(0.02, 31)",[[-0.23979325 -0.36084665  0.17134707 -0.05199225 -1.36944921  1.6351125   -0.89487759 -0.12332381 -0.03101022  0.64428993  0.77930625 -0.55612669   -0.56363584  0.1688323   0.         -0.14419847]],0.01,4031.375,0.02,False,0.10132490273968751
2024-12-06 15:03:16,HOLD,"(0.02, 31)",[[-0.23979325 -0.36084665  0.17134707 -0.05199225 -1.36944921  1.6351125   -0.89487759 -0.12332381 -0.03101022  0.64428993  0.77930625 -0.55612669   -0.56363584  0.1688323   0.         -0.14419847]],0.01,4031.375,0.02,False,0.10132490273968751
2024-12-06 15:03:55,HOLD,"(0.02, 31)",[[-0.23979325 -0.36084665  0.17134707 -0.05199225 -1.36944921  1.6351125   -0.89487759 -0.12332381 -0.03101022  0.64428993  0.77930625 -0.55612669   -0.56363584  0.1688323   0.         -0.14419847]],0.01,4031.375,0.02,False,0.10132490273968751
2024-12-06 15:04:34,HOLD,"(0.02, 31)",[[-0.23979325 -0.36084665  0.17134707 -0.05199225 -1.36944921  1.6351125   -0.89487759 -0.12332381 -0.03101022  0.64428993  0.77930625 -0.55612669   -0.56363584  0.1688323   0.         -0.14419847]],0.01,4031.375,0.02,False,0.10132490273968751
2024-12-06 15:05:16,HOLD,"(0.02, 31)",[[-0.23979325 -0.36084665  0.17134707 -0.05199225 -1.36944921  1.6351125   -0.89487759 -0.12332381 -0.03101022  0.64428993  0.77930625 -0.55612669   -0.56363584  0.1688323   0.         -0.14419847]],0.01,4031.375,0.02,False,0.10132490273968751
2024-12-06 15:05:55,HOLD,"(0.02, 31)",[[-0.23979325 -0.36084665  0.17134707 -0.05199225 -1.36944921  1.6351125   -0.89487759 -0.12332381 -0.03101022  0.64428993  0.77930625 -0.55612669   -0.56363584  0.1688323   0.         -0.14419847]],0.01,4031.375,0.02,False,0.10132490273968751
2024-12-06 15:06:34,HOLD,"(0.02, 31)",[[-0.23979325 -0.36084665  0.17134707 -0.05199225 -1.36944921  1.6351125   -0.89487759 -0.12332381 -0.03101022  0.64428993  0.77930625 -0.55612669   -0.56363584  0.1688323   0.         -0.14419847]],0.01,4031.375,0.02,False,0.10132490273968751
2024-12-06 15:07:14,HOLD,"(0.02, 31)",[[-0.23979325 -0.36084665  0.17134707 -0.05199225 -1.36944921  1.6351125   -0.89487759 -0.12332381 -0.03101022  0.64428993  0.77930625 -0.55612669   -0.56363584  0.1688323   0.         -0.14419847]],0.01,4031.375,0.02,False,0.10132490273968751
2024-12-06 15:07:53,HOLD,"(0.02, 31)",[[-0.23979325 -0.36084665  0.17134707 -0.05199225 -1.36944921  1.6351125   -0.89487759 -0.12332381 -0.03101022  0.64428993  0.77930625 -0.55612669   -0.56363584  0.1688323   0.         -0.14419847]],0.01,4031.375,0.02,False,0.10132490273968751
2024-12-06 15:08:32,HOLD,"(0.02, 31)",[[-0.23979325 -0.36084665  0.17134707 -0.05199225 -1.36944921  1.6351125   -0.89487759 -0.12332381 -0.03101022  0.64428993  0.77930625 -0.55612669   -0.56363584  0.1688323   0.         -0.14419847]],0.01,4031.375,0.02,False,0.10132490273968751
2024-12-06 15:09:12,HOLD,"(0.02, 31)",[[-0.23979325 -0.36084665  0.17134707 -0.05199225 -1.36944921  1.6351125   -0.89487759 -0.12332381 -0.03101022  0.64428993  0.77930625 -0.55612669   -0.56363584  0.1688323   0.         -0.14419847]],0.01,4031.375,0.02,False,0.10132490273968751
2024-12-06 15:09:52,HOLD,"(0.02, 31)",[[-0.23979325 -0.36084665  0.17134707 -0.05199225 -1.36944921  1.6351125   -0.89487759 -0.12332381 -0.03101022  0.64428993  0.77930625 -0.55612669   -0.56363584  0.1688323   0.         -0.14419847]],0.01,4031.375,0.02,False,0.10132490273968751
2024-12-06 15:10:31,HOLD,"(0.02, 31)",[[-0.23979325 -0.36084665  0.17134707 -0.05199225 -1.36944921  1.6351125   -0.89487759 -0.12332381 -0.03101022  0.64428993  0.77930625 -0.55612669   -0.56363584  0.1688323   0.         -0.14419847]],0.01,4031.375,0.02,False,0.10132490273968751
2024-12-06 15:11:11,HOLD,"(0.02, 31)",[[-0.23979325 -0.36084665  0.17134707 -0.05199225 -1.36944921  1.6351125   -0.89487759 -0.12332381 -0.03101022  0.64428993  0.77930625 -0.55612669   -0.56363584  0.1688323   0.         -0.14419847]],0.01,4031.375,0.02,False,0.10132490273968751
2024-12-06 15:11:50,HOLD,"(0.02, 31)",[[-0.23979325 -0.36084665  0.17134707 -0.05199225 -1.36944921  1.6351125   -0.89487759 -0.12332381 -0.03101022  0.64428993  0.77930625 -0.55612669   -0.56363584  0.1688323   0.         -0.14419847]],0.01,4031.375,0.02,False,0.10132490273968751
2024-12-06 15:12:29,HOLD,"(0.02, 31)",[[-0.23979325 -0.36084665  0.17134707 -0.05199225 -1.36944921  1.6351125   -0.89487759 -0.12332381 -0.03101022  0.64428993  0.77930625 -0.55612669   -0.56363584  0.1688323   0.         -0.14419847]],0.01,4031.375,0.02,False,0.10132490273968751
2024-12-06 15:13:09,HOLD,"(0.02, 31)",[[-0.23979325 -0.36084665  0.17134707 -0.05199225 -1.36944921  1.6351125   -0.89487759 -0.12332381 -0.03101022  0.64428993  0.77930625 -0.55612669   -0.56363584  0.1688323   0.         -0.14419847]],0.01,4031.375,0.02,False,0.10132490273968751
2024-12-06 15:13:48,HOLD,"(0.02, 31)",[[-0.23979325 -0.36084665  0.17134707 -0.05199225 -1.36944921  1.6351125   -0.89487759 -0.12332381 -0.03101022  0.64428993  0.77930625 -0.55612669   -0.56363584  0.1688323   0.         -0.14419847]],0.01,4031.375,0.02,False,0.10132490273968751
2024-12-06 15:14:27,HOLD,"(0.02, 31)",[[-0.23979325 -0.36084665  0.17134707 -0.05199225 -1.36944921  1.6351125   -0.89487759 -0.12332381 -0.03101022  0.64428993  0.77930625 -0.55612669   -0.56363584  0.1688323   0.         -0.14419847]],0.01,4031.375,0.02,False,0.10132490273968751
2024-12-06 15:15:07,HOLD,"(0.02, 31)",[[-0.23979325 -0.36084665  0.17134707 -0.05199225 -1.36944921  1.6351125   -0.89487759 -0.12332381 -0.03101022  0.64428993  0.77930625 -0.55612669   -0.56363584  0.1688323   0.         -0.14419847]],0.01,4031.375,0.02,False,0.10132490273968751
2024-12-06 15:15:47,HOLD,"(0.02, 31)",[[-0.23979325 -0.36084665  0.17134707 -0.05199225 -1.36944921  1.6351125   -0.89487759 -0.12332381 -0.03101022  0.64428993  0.77930625 -0.55612669   -0.56363584  0.1688323   0.         -0.14419847]],0.01,4031.375,0.02,False,0.10132490273968751
2024-12-06 15:16:26,HOLD,"(0.02, 31)",[[-0.23979325 -0.36084665  0.17134707 -0.05199225 -1.36944921  1.6351125   -0.89487759 -0.12332381 -0.03101022  0.64428993  0.77930625 -0.55612669   -0.56363584  0.1688323   0.         -0.14419847]],0.01,4031.525,0.02,False,0.1013038342944053
2024-12-06 15:17:06,HOLD,"(0.02, 31)",[[-0.23979325 -0.36084665  0.17134707 -0.05199225 -1.36944921  1.6351125   -0.89487759 -0.12332381 -0.03101022  0.64428993  0.77930625 -0.55612669   -0.56363584  0.1688323   0.         -0.14419847]],0.01,4031.375,0.02,False,0.10132490273968751
2024-12-06 15:17:45,HOLD,"(0.02, 31)",[[-0.23979325 -0.36084665  0.17134707 -0.05199225 -1.36944921  1.6351125   -0.89487759 -0.12332381 -0.03101022  0.64428993  0.77930625 -0.55612669   -0.56363584  0.1688323   0.         -0.14419847]],0.01,4031.375,0.02,False,0.10132490273968751
2024-12-06 15:18:27,HOLD,"(0.02, 31)",[[-0.23979325 -0.36084665  0.17134707 -0.05199225 -1.36944921  1.6351125   -0.89487759 -0.12332381 -0.03101022  0.64428993  0.77930625 -0.55612669   -0.56363584  0.1688323   0.         -0.14419847]],0.01,4031.375,0.02,False,0.10132490273968751
2024-12-06 15:19:07,HOLD,"(0.02, 31)",[[-0.23979325 -0.36084665  0.17134707 -0.05199225 -1.36944921  1.6351125   -0.89487759 -0.12332381 -0.03101022  0.64428993  0.77930625 -0.55612669   -0.56363584  0.1688323   0.         -0.14419847]],0.01,4031.375,0.02,False,0.10132490273968751
2024-12-06 15:19:47,HOLD,"(0.02, 31)",[[-0.23979325 -0.36084665  0.17134707 -0.05199225 -1.36944921  1.6351125   -0.89487759 -0.12332381 -0.03101022  0.64428993  0.77930625 -0.55612669   -0.56363584  0.1688323   0.         -0.14419847]],0.01,4031.375,0.02,False,0.10132490273968751
2024-12-06 15:20:27,HOLD,"(0.02, 31)",[[-0.23979325 -0.36084665  0.17134707 -0.05199225 -1.36944921  1.6351125   -0.89487759 -0.12332381 -0.03101022  0.64428993  0.77930625 -0.55612669   -0.56363584  0.1688323   0.         -0.14419847]],0.01,4031.375,0.02,False,0.10132490273968751
2024-12-06 15:21:07,HOLD,"(0.02, 31)",[[-0.23979325 -0.36084665  0.17134707 -0.05199225 -1.36944921  1.6351125   -0.89487759 -0.12332381 -0.03101022  0.64428993  0.77930625 -0.55612669   -0.56363584  0.1688323   0.         -0.14419847]],0.01,4031.375,0.02,False,0.10132490273968751
2024-12-06 15:21:46,HOLD,"(0.02, 31)",[[-0.23979325 -0.36084665  0.17134707 -0.05199225 -1.36944921  1.6351125   -0.89487759 -0.12332381 -0.03101022  0.64428993  0.77930625 -0.55612669   -0.56363584  0.1688323   0.         -0.14419847]],0.01,4031.375,0.02,False,0.10132490273968751
2024-12-06 15:22:26,HOLD,"(0.02, 31)",[[-0.23979325 -0.36084665  0.17134707 -0.05199225 -1.36944921  1.6351125   -0.89487759 -0.12332381 -0.03101022  0.64428993  0.77930625 -0.55612669   -0.56363584  0.1688323   0.         -0.14419847]],0.01,4031.375,0.02,False,0.10132490273968751
2024-12-06 15:23:06,HOLD,"(0.02, 31)",[[-0.23979325 -0.36084665  0.17134707 -0.05199225 -1.36944921  1.6351125   -0.89487759 -0.12332381 -0.03101022  0.64428993  0.77930625 -0.55612669   -0.56363584  0.1688323   0.         -0.14419847]],0.01,4031.375,0.02,False,0.10132490273968751
2024-12-06 15:23:45,HOLD,"(0.02, 31)",[[-0.23979325 -0.36084665  0.17134707 -0.05199225 -1.36944921  1.6351125   -0.89487759 -0.12332381 -0.03101022  0.64428993  0.77930625 -0.55612669   -0.56363584  0.1688323   0.         -0.14419847]],0.01,4031.375,0.02,False,0.10132490273968751
2024-12-06 15:24:25,HOLD,"(0.02, 31)",[[-0.23979325 -0.36084665  0.17134707 -0.05199225 -1.36944921  1.6351125   -0.89487759 -0.12332381 -0.03101022  0.64428993  0.77930625 -0.55612669   -0.56363584  0.1688323   0.         -0.14419847]],0.01,4031.375,0.02,False,0.10132490273968751
2024-12-06 15:25:06,HOLD,"(0.02, 31)",[[-0.23979325 -0.36084665  0.17134707 -0.05199225 -1.36944921  1.6351125   -0.89487759 -0.12332381 -0.03101022  0.64428993  0.77930625 -0.55612669   -0.56363584  0.1688323   0.         -0.14419847]],0.01,4031.375,0.02,False,0.10132490273968751
2024-12-06 15:25:46,HOLD,"(0.02, 31)",[[-0.23979325 -0.36084665  0.17134707 -0.05199225 -1.36944921  1.6351125   -0.89487759 -0.12332381 -0.03101022  0.64428993  0.77930625 -0.55612669   -0.56363584  0.1688323   0.         -0.14419847]],0.01,4031.375,0.02,False,0.10132490273968751
2024-12-06 15:26:26,HOLD,"(0.02, 31)",[[-0.23979325 -0.36084665  0.17134707 -0.05199225 -1.36944921  1.6351125   -0.89487759 -0.12332381 -0.03101022  0.64428993  0.77930625 -0.55612669   -0.56363584  0.1688323   0.         -0.14419847]],0.01,4031.375,0.02,False,0.10132490273968751
2024-12-06 15:27:07,HOLD,"(0.02, 31)",[[-0.23979325 -0.36084665  0.17134707 -0.05199225 -1.36944921  1.6351125   -0.89487759 -0.12332381 -0.03101022  0.64428993  0.77930625 -0.55612669   -0.56363584  0.1688323   0.         -0.14419847]],0.01,4031.375,0.02,False,0.10132490273968751
2024-12-06 15:27:47,HOLD,"(0.02, 31)",[[-0.23979325 -0.36084665  0.17134707 -0.05199225 -1.36944921  1.6351125   -0.89487759 -0.12332381 -0.03101022  0.64428993  0.77930625 -0.55612669   -0.56363584  0.1688323   0.         -0.14419847]],0.01,4031.375,0.02,False,0.10132490273968751
2024-12-06 15:28:27,HOLD,"(0.02, 31)",[[-0.23979325 -0.36084665  0.17134707 -0.05199225 -1.36944921  1.6351125   -0.89487759 -0.12332381 -0.03101022  0.64428993  0.77930625 -0.55612669   -0.56363584  0.1688323   0.         -0.14419847]],0.01,4031.375,0.02,False,0.10132490273968751
2024-12-06 15:29:08,HOLD,"(0.02, 31)",[[-0.23979325 -0.36084665  0.17134707 -0.05199225 -1.36944921  1.6351125   -0.89487759 -0.12332381 -0.03101022  0.64428993  0.77930625 -0.55612669   -0.56363584  0.1688323   0.         -0.14419847]],0.01,4031.375,0.02,False,0.10132490273968751
2024-12-06 15:29:48,HOLD,"(0.02, 31)",[[-0.23979325 -0.36084665  0.17134707 -0.05199225 -1.36944921  1.6351125   -0.89487759 -0.12332381 -0.03101022  0.64428993  0.77930625 -0.55612669   -0.56363584  0.1688323   0.         -0.14419847]],0.01,4031.525,0.02,False,0.1013038342944053
2024-12-06 15:30:29,HOLD,"(0.02, 31)",[[-0.23979325 -0.36084665  0.17134707 -0.05199225 -1.36944921  1.6351125   -0.89487759 -0.12332381 -0.03101022  0.64428993  0.77930625 -0.55612669   -0.56363584  0.1688323   0.         -0.14419847]],0.01,4031.525,0.02,False,0.1013038342944053
2024-12-06 15:31:09,HOLD,"(0.02, 31)",[[-0.23979325 -0.36084665  0.17134707 -0.05199225 -1.36944921  1.6351125   -0.89487759 -0.12332381 -0.03101022  0.64428993  0.77930625 -0.55612669   -0.56363584  0.1688323   0.         -0.14419847]],0.01,4031.525,0.02,False,0.1013038342944053
2024-12-06 15:31:49,HOLD,"(0.02, 31)",[[-0.23979325 -0.36084665  0.17134707 -0.05199225 -1.36944921  1.6351125   -0.89487759 -0.12332381 -0.03101022  0.64428993  0.77930625 -0.55612669   -0.56363584  0.1688323   0.         -0.14419847]],0.01,4031.375,0.02,False,0.10132490273968751
2024-12-06 15:32:29,HOLD,"(0.02, 31)",[[-0.23979325 -0.36084665  0.17134707 -0.05199225 -1.36944921  1.6351125   -0.89487759 -0.12332381 -0.03101022  0.64428993  0.77930625 -0.55612669   -0.56363584  0.1688323   0.         -0.14419847]],0.01,4031.525,0.02,False,0.1013038342944053
2024-12-06 15:33:09,HOLD,"(0.02, 31)",[[-0.23979325 -0.36084665  0.17134707 -0.05199225 -1.36944921  1.6351125   -0.89487759 -0.12332381 -0.03101022  0.64428993  0.77930625 -0.55612669   -0.56363584  0.1688323   0.         -0.14419847]],0.01,4031.525,0.02,False,0.1013038342944053
2024-12-06 15:33:49,HOLD,"(0.02, 31)",[[-0.23979325 -0.36084665  0.17134707 -0.05199225 -1.36944921  1.6351125   -0.89487759 -0.12332381 -0.03101022  0.64428993  0.77930625 -0.55612669   -0.56363584  0.1688323   0.         -0.14419847]],0.01,4031.525,0.02,False,0.1013038342944053
2024-12-06 15:34:29,HOLD,"(0.02, 31)",[[-0.23979325 -0.36084665  0.17134707 -0.05199225 -1.36944921  1.6351125   -0.89487759 -0.12332381 -0.03101022  0.64428993  0.77930625 -0.55612669   -0.56363584  0.1688323   0.         -0.14419847]],0.01,4031.525,0.02,False,0.1013038342944053
2024-12-06 15:35:10,HOLD,"(0.02, 31)",[[-0.23979325 -0.36084665  0.17134707 -0.05199225 -1.36944921  1.6351125   -0.89487759 -0.12332381 -0.03101022  0.64428993  0.77930625 -0.55612669   -0.56363584  0.1688323   0.         -0.14419847]],0.01,4031.525,0.02,False,0.1013038342944053
2024-12-06 15:35:50,HOLD,"(0.02, 31)",[[-0.23979325 -0.36084665  0.17134707 -0.05199225 -1.36944921  1.6351125   -0.89487759 -0.12332381 -0.03101022  0.64428993  0.77930625 -0.55612669   -0.56363584  0.1688323   0.         -0.14419847]],0.01,4031.525,0.02,False,0.1013038342944053
2024-12-06 15:36:29,HOLD,"(0.02, 31)",[[-0.23979325 -0.36084665  0.17134707 -0.05199225 -1.36944921  1.6351125   -0.89487759 -0.12332381 -0.03101022  0.64428993  0.77930625 -0.55612669   -0.56363584  0.1688323   0.         -0.14419847]],0.01,4031.525,0.02,False,0.1013038342944053
2024-12-06 15:37:09,HOLD,"(0.02, 31)",[[-0.23979325 -0.36084665  0.17134707 -0.05199225 -1.36944921  1.6351125   -0.89487759 -0.12332381 -0.03101022  0.64428993  0.77930625 -0.55612669   -0.56363584  0.1688323   0.         -0.14419847]],0.01,4031.525,0.02,False,0.1013038342944053
2024-12-06 15:37:49,HOLD,"(0.02, 31)",[[-0.23979325 -0.36084665  0.17134707 -0.05199225 -1.36944921  1.6351125   -0.89487759 -0.12332381 -0.03101022  0.64428993  0.77930625 -0.55612669   -0.56363584  0.1688323   0.         -0.14419847]],0.01,4031.525,0.02,False,0.1013038342944053
2024-12-06 15:38:29,HOLD,"(0.02, 31)",[[-0.23979325 -0.36084665  0.17134707 -0.05199225 -1.36944921  1.6351125   -0.89487759 -0.12332381 -0.03101022  0.64428993  0.77930625 -0.55612669   -0.56363584  0.1688323   0.         -0.14419847]],0.01,4031.525,0.02,False,0.1013038342944053
2024-12-06 15:39:09,HOLD,"(0.02, 31)",[[-0.23979325 -0.36084665  0.17134707 -0.05199225 -1.36944921  1.6351125   -0.89487759 -0.12332381 -0.03101022  0.64428993  0.77930625 -0.55612669   -0.56363584  0.1688323   0.         -0.14419847]],0.01,4031.375,0.02,False,0.10132490273968751
2024-12-06 15:39:48,HOLD,"(0.02, 31)",[[-0.23979325 -0.36084665  0.17134707 -0.05199225 -1.36944921  1.6351125   -0.89487759 -0.12332381 -0.03101022  0.64428993  0.77930625 -0.55612669   -0.56363584  0.1688323   0.         -0.14419847]],0.01,4031.525,0.02,False,0.1013038342944053
2024-12-06 15:40:27,HOLD,"(0.02, 31)",[[-0.23979325 -0.36084665  0.17134707 -0.05199225 -1.36944921  1.6351125   -0.89487759 -0.12332381 -0.03101022  0.64428993  0.77930625 -0.55612669   -0.56363584  0.1688323   0.         -0.14419847]],0.01,4031.525,0.02,False,0.1013038342944053
2024-12-06 15:41:06,HOLD,"(0.02, 31)",[[-0.23979325 -0.36084665  0.17134707 -0.05199225 -1.36944921  1.6351125   -0.89487759 -0.12332381 -0.03101022  0.64428993  0.77930625 -0.55612669   -0.56363584  0.1688323   0.         -0.14419847]],0.01,4031.375,0.02,False,0.10132490273968751
2024-12-06 15:41:45,HOLD,"(0.02, 31)",[[-0.23979325 -0.36084665  0.17134707 -0.05199225 -1.36944921  1.6351125   -0.89487759 -0.12332381 -0.03101022  0.64428993  0.77930625 -0.55612669   -0.56363584  0.1688323   0.         -0.14419847]],0.01,4031.375,0.02,False,0.10132490273968751
2024-12-06 15:42:24,HOLD,"(0.02, 31)",[[-0.23979325 -0.36084665  0.17134707 -0.05199225 -1.36944921  1.6351125   -0.89487759 -0.12332381 -0.03101022  0.64428993  0.77930625 -0.55612669   -0.56363584  0.1688323   0.         -0.14419847]],0.01,4031.525,0.02,False,0.1013038342944053
2024-12-06 15:43:03,HOLD,"(0.02, 31)",[[-0.23979325 -0.36084665  0.17134707 -0.05199225 -1.36944921  1.6351125   -0.89487759 -0.12332381 -0.03101022  0.64428993  0.77930625 -0.55612669   -0.56363584  0.1688323   0.         -0.14419847]],0.01,4031.525,0.02,False,0.1013038342944053
2024-12-06 15:43:42,HOLD,"(0.02, 31)",[[-0.23979325 -0.36084665  0.17134707 -0.05199225 -1.36944921  1.6351125   -0.89487759 -0.12332381 -0.03101022  0.64428993  0.77930625 -0.55612669   -0.56363584  0.1688323   0.         -0.14419847]],0.01,4031.525,0.02,False,0.1013038342944053
2024-12-06 15:44:22,HOLD,"(0.02, 31)",[[-0.23979325 -0.36084665  0.17134707 -0.05199225 -1.36944921  1.6351125   -0.89487759 -0.12332381 -0.03101022  0.64428993  0.77930625 -0.55612669   -0.56363584  0.1688323   0.         -0.14419847]],0.01,4031.525,0.02,False,0.1013038342944053
2024-12-06 15:45:02,HOLD,"(0.02, 31)",[[-0.23979325 -0.36084665  0.17134707 -0.05199225 -1.36944921  1.6351125   -0.89487759 -0.12332381 -0.03101022  0.64428993  0.77930625 -0.55612669   -0.56363584  0.1688323   0.         -0.14419847]],0.01,4031.525,0.02,False,0.1013038342944053
2024-12-06 15:45:41,HOLD,"(0.02, 31)",[[-0.23979325 -0.36084665  0.17134707 -0.05199225 -1.36944921  1.6351125   -0.89487759 -0.12332381 -0.03101022  0.64428993  0.77930625 -0.55612669   -0.56363584  0.1688323   0.         -0.14419847]],0.01,4031.525,0.02,False,0.1013038342944053
2024-12-06 15:46:20,HOLD,"(0.02, 31)",[[-0.23979325 -0.36084665  0.17134707 -0.05199225 -1.36944921  1.6351125   -0.89487759 -0.12332381 -0.03101022  0.64428993  0.77930625 -0.55612669   -0.56363584  0.1688323   0.         -0.14419847]],0.01,4031.525,0.02,False,0.1013038342944053
2024-12-06 15:47:00,HOLD,"(0.02, 31)",[[-0.23979325 -0.36084665  0.17134707 -0.05199225 -1.36944921  1.6351125   -0.89487759 -0.12332381 -0.03101022  0.64428993  0.77930625 -0.55612669   -0.56363584  0.1688323   0.         -0.14419847]],0.01,4031.525,0.02,False,0.1013038342944053
